my_id,school_name,1819_coach_comp_third,1819_support_comp_third,1819_coach_comp,1819_guarantees,1819_total_ops,1819_aid,1819_support_comp,1718_severance,1718_recruiting,1718_teamtravel,1718_equip,1718_game_expenses,1718_marketing,1718_camps,1718_spirit,1718_facilities_rentals,1718_overhead,1718_indirect_institutional,1718_medical,1718_memberships,1718_meals,1718_otherops,1718_bowl_expense,1718_prof_def,1718_bowl_coachcomp
1,Air Force,$0 ,$0 ,"$11,682,197 ","$516,369 ","$54,192,115 ",$0 ,"$18,889,064 ",$0 ,"$1,756,582 ","$5,350,017 ","$5,174,097 ","$1,705,285 ","$1,011,491 ","$870,156 ","$91,919 ","$784,559 ","$2,554,923 ",0,"$84,450 ","$562,047 ","$67,380 ","$2,439,679 ",$0 ,"$6,571,439 ",$0 
2,Akron,$0 ,$0 ,"$5,914,303 ","$780,850 ","$34,873,226 ","$6,976,674 ","$4,749,812 ",$0 ,"$613,074 ","$2,341,698 ","$1,330,125 ","$893,244 ","$738,253 ","$195,447 ","$66,790 ","$4,968,588 ","$1,911,004 ",$0 ,"$459,380 ","$276,247 ",$0 ,"$2,172,114 ","$312,052 ","($272,226)","$173,571 "
3,Alabama,$0 ,$0 ,"$27,979,991 ","$4,166,549 ","$166,533,013 ","$16,741,760 ","$29,501,703 ","$844,883 ","$3,310,990 ","$6,881,601 ","$3,763,116 ","$8,268,221 ","$4,550,561 ","$1,640,264 ","$791,183 ","$17,328,857 ","$14,319,317 ","$1,997,219 ","$3,090,576 ","$150,657 ","$1,046,462 ","$11,744,998 ","$8,414,105 ","$10,948,924 ",$0 
4,App State,$0 ,$0 ,"$6,067,428 ","$475,221 ","$36,853,981 ","$6,534,872 ","$4,439,950 ","$11,548 ","$503,266 ","$2,311,829 ","$1,762,625 ","$1,017,044 ","$113,893 ","$9,098 ","$57,459 ","$3,483,153 ","$1,174,783 ","$6,096,227 ","$334,825 ","$125,931 ","$342,290 ","$1,268,837 ","$572,971 ","$86,886 ","$150,731 "
5,Arizona,"$1,188,198 ","$22,700 ","$18,928,250 ","$1,273,050 ","$103,329,464 ","$12,977,775 ","$15,770,347 ","$8,274,496 ","$1,495,385 ","$5,619,198 ","$3,828,130 ","$5,030,543 ","$1,620,431 ",$0 ,"$247,049 ","$7,693,625 ","$6,672,934 ","$1,650,854 ","$1,265,564 ","$111,321 ","$2,024,684 ","$6,214,307 ","$1,024,698 ","($7,461,747)","$395,925 "
6,Arizona State,"$12,500 ",$0 ,"$20,307,346 ","$1,763,586 ","$126,782,387 ","$15,708,959 ","$19,287,625 ","$12,861,526 ","$1,543,683 ","$5,791,714 ","$6,334,660 ","$4,187,023 ","$4,938,676 ","$21,727 ","$547,620 ","$15,062,742 ","$9,037,481 ","$1,942,501 ","$1,630,447 ","$43,478 ","$1,846,874 ","$2,151,022 ","$1,242,588 ","($13,145,632)","$518,609 "
7,Arkansas,"$175,000 ",$0 ,"$22,857,684 ","$4,673,531 ","$127,369,722 ","$12,583,859 ","$21,411,079 ","$4,609,403 ","$2,394,790 ","$8,238,339 ","$3,965,232 ","$4,749,873 ","$3,722,614 ",$0 ,"$1,240,483 ","$12,938,402 ","$7,957,887 ",$0 ,"$1,643,439 ","$64,600 ","$3,550,375 ","$10,593,132 ",$0 ,"$2,756,388 ",$0 
8,Arkansas State,"$1,461,494 ","$214,514 ","$3,231,585 ","$322,500 ","$40,098,989 ","$7,265,690 ","$2,770,473 ",$0 ,"$475,581 ","$2,394,868 ","$1,665,012 ","$727,809 ","$344,273 ",$0 ,"$24,304 ","$2,019,228 ","$960,887 ",$0 ,"$259,991 ","$137,309 ","$48,782 ","$15,431,036 ","$257,820 ",$0 ,"$85,833 "
9,Auburn,$0 ,$0 ,"$26,238,272 ","$3,887,937 ","$139,798,191 ","$16,998,307 ","$26,746,067 ","$2,932,576 ","$2,083,737 ","$7,328,164 ","$5,471,951 ","$2,969,449 ","$4,286,178 ",$0 ,"$589,192 ","$11,982,783 ","$13,070,935 ",$0 ,"$935,294 ","$249,860 ","$1,459,164 ","$9,870,802 ","$1,922,123 ","$7,822,378 ","$775,400 "
10,Ball State,$0 ,$0 ,"$5,646,348 ","$1,005,100 ","$28,443,728 ","$8,228,569 ","$4,359,068 ",$0 ,"$479,643 ","$1,835,558 ","$1,514,944 ","$818,850 ","$263,140 ","$132,501 ","$116,520 ",$0 ,"$134,893 ","$1,617,221 ","$347,445 ","$278,750 ","$149,673 ","$1,515,505 ",$0 ,"$190,375 ",$0 
11,Boise State,$0 ,$0 ,"$9,493,953 ","$742,604 ","$47,846,748 ","$8,379,098 ","$7,616,941 ",$0 ,"$773,739 ","$2,794,367 ","$1,450,135 ","$1,762,248 ","$358,235 ","$447,421 ","$266,055 ","$4,462,693 ","$3,928,338 ","$2,231,611 ","$678,270 ","$800,019 ","$652,395 ","$354,679 ","$556,817 ","$262,448 ","$97,130 "
12,Bowling Green,$0 ,$0 ,"$5,825,271 ","$722,500 ","$24,393,090 ","$6,976,741 ","$3,981,858 ",$0 ,"$526,245 ","$2,200,161 ","$1,143,351 ","$470,673 ","$185,753 ","$101,603 ",$0 ,"$102,666 ",$0 ,$0 ,"$378,457 ","$254,947 ","$157,523 ","$1,365,341 ",$0 ,"$280,867 ",$0 
13,Buffalo,"$104,505 ",$0 ,"$6,909,844 ","$432,860 ","$40,763,071 ","$8,727,511 ","$8,018,833 ","$57,887 ","$585,562 ","$2,779,282 ","$682,625 ","$806,544 ","$612,624 ","$234,962 ","$14,183 ","$415,299 ","$2,405,532 ","$2,128,036 ","$400,063 ","$326,841 ",$0 ,"$5,120,078 ",$0 ,"$71,577 ",$0 
14,California,$0 ,$0 ,"$18,704,642 ","$1,869,289 ","$110,558,630 ","$13,028,152 ","$20,549,921 ","$1,408,503 ","$1,397,437 ","$6,349,334 ","$6,152,867 ","$4,572,538 ","$3,922,991 ",$0 ,"$157,012 ","$20,696,282 ","$5,085,469 ",$0 ,"$2,367,772 ","$91,315 ","$1,548,833 ","$2,656,273 ",$0 ,"($19,311,141)",$0 
15,Central Michigan,$0 ,$0 ,"$6,459,349 ","$593,330 ","$32,540,008 ","$6,387,466 ","$4,973,894 ","$81,408 ","$549,165 ","$2,572,777 ","$811,302 ","$837,890 ","$310,271 ","$73,202 ","$161,825 ","$2,238,804 ","$3,016,868 ","$352,812 ","$499,988 ","$290,593 ","$60,277 ","$1,530,995 ","$690,841 ","$7,449,487 ","$46,951 "
16,Charlotte,$0 ,$0 ,"$5,607,791 ","$445,701 ","$36,160,236 ","$7,857,019 ","$4,579,258 ","$116,302 ","$650,398 ","$2,814,267 ","$1,205,040 ","$1,524,017 ","$901,626 ",$0 ,"$162,605 ","$2,403,050 ","$2,754,548 ","$2,737,885 ","$355,402 ","$394,667 ","$344,386 ","$1,306,274 ",$0 ,"$1,759,383 ",$0 
17,Cincinnati,$0 ,$0 ,"$12,434,108 ","$1,432,846 ","$64,755,303 ","$9,910,225 ","$8,279,694 ","$307,578 ","$856,882 ","$4,355,409 ","$772,549 ","$2,219,025 ","$4,099,976 ",$0 ,"$228,097 ","$10,510,035 ","$2,327,166 ","$869,802 ","$484,195 ","$110,304 ","$510,344 ","$5,047,068 ",$0 ,"($2,976,343)",$0 
18,Clemson,$0 ,$0 ,"$23,327,310 ","$1,790,244 ","$118,847,123 ","$16,648,982 ","$20,932,696 ","$195,000 ","$2,804,471 ","$6,074,607 ","$3,598,058 ","$4,869,642 ","$5,438,972 ","$1,103,645 ","$353,777 ","$8,680,872 ","$7,069,384 ",$0 ,"$590,917 ","$68,414 ","$2,230,918 ","$9,570,742 ","$2,152,957 ","$1,685,852 ","$1,345,515 "
19,Coastal Carolina,$0 ,$0 ,"$6,484,248 ","$567,542 ","$36,455,190 ","$8,469,269 ","$4,258,934 ",$0 ,"$649,786 ","$2,875,279 ","$842,833 ","$1,398,068 ","$130,302 ",$0 ,"$232,917 ","$2,568,164 ","$2,176,345 ","$4,863,439 ","$79,920 ","$108,534 ","$266,808 ","$482,802 ",$0 ,"($62,293)",$0 
20,Colorado,$0 ,$0 ,"$16,919,621 ","$247,500 ","$89,826,611 ","$11,486,167 ","$14,384,170 ","$309,609 ","$1,144,052 ","$3,598,079 ","$1,524,988 ","$4,159,831 ","$1,854,403 ","$457,008 ","$404,523 ","$15,045,267 ","$8,221,572 ","$2,155,839 ","$1,151,183 ","$52,568 ","$1,652,000 ","$5,058,231 ",$0 ,"($245,067)",$0 
21,Colorado State,"$22,000 ",$0 ,"$10,076,685 ","$821,180 ","$52,159,851 ","$9,258,376 ","$6,916,873 ","$750,000 ","$889,715 ","$2,661,852 ","$2,618,046 ","$2,783,615 ","$1,210,068 ","$361,985 ","$43,816 ","$4,540,045 ","$1,581,718 ","$1,943,453 ","$827,253 ","$575,989 ","$887,746 ","$2,668,461 ","$527,558 ","$2,568,963 ","$193,417 "
22,Connecticut,$0 ,$0 ,"$17,051,587 ","$1,264,166 ","$80,905,645 ","$16,926,761 ","$14,358,474 ","$1,410,991 ","$1,406,823 ","$7,320,041 ","$2,203,763 ","$5,020,428 ","$1,426,860 ",$0 ,"$37,707 ","$926,427 ","$2,933,882 ",$0 ,"$889,826 ","$143,272 ","$806,686 ","$6,777,951 ",$0 ,"($1,597,224)",$0 
23,East Carolina,$0 ,$0 ,"$8,330,706 ","$1,492,768 ","$47,410,809 ","$8,768,672 ","$8,486,298 ","$40,080 ","$805,605 ","$3,407,204 ","$1,877,585 ","$1,535,069 ","$121,766 ",$0 ,"$70,222 ","$4,676,052 ","$2,465,109 ","$1,850,509 ","$561,631 ","$106,646 ","$432,283 ","$2,382,604 ",$0 ,"($549,619)",$0 
24,Eastern Michigan,$0 ,$0 ,"$6,320,256 ","$184,000 ","$30,681,035 ","$9,822,003 ","$3,786,407 ",$0 ,"$920,072 ","$2,046,164 ","$1,259,251 ","$856,674 ","$754,273 ","$228,774 ","$68,261 ","$1,101,773 ","$881,379 ","$635,000 ","$595,494 ","$350,735 ","$415,455 ","$455,064 ",$0 ,$4 ,$0 
25,FAU,$0 ,$0 ,"$7,226,096 ","$633,482 ","$35,149,886 ","$6,799,445 ","$2,745,226 ",$0 ,"$683,178 ","$3,447,567 ","$904,129 ","$1,136,772 ","$816,153 ",$0 ,"$57,213 ","$2,703,542 ","$2,039,056 ","$3,501,005 ","$743,987 ","$451,852 ","$196,334 ","$679,849 ","$345,000 ","$125,493 ","$40,000 "
26,FIU,$0 ,$0 ,"$6,488,409 ","$936,643 ","$36,189,130 ","$7,390,269 ","$5,472,039 ","$108,900 ","$562,206 ","$2,720,828 ","$961,188 ","$1,386,763 ","$627,064 ",$0 ,"$188,043 ","$2,456,903 ","$2,817,054 ","$454,002 ","$460,680 ","$455,785 ","$108,781 ","$2,205,240 ","$318,333 ","($557,171)","$70,000 "
27,Florida,"$870,000 ",$0 ,"$25,263,301 ","$3,323,758 ","$149,144,376 ","$13,746,767 ","$33,588,338 ","$12,862,810 ","$2,329,421 ","$9,487,562 ","$3,657,246 ","$7,644,084 ","$3,252,364 ","$842,687 ","$1,032,941 ","$8,172,470 ","$16,365,205 ",$0 ,"$2,241,940 ","$162,703 ","$1,566,191 ","$2,734,588 ",$0 ,"$12,039,389 ",$0 
28,Florida State,$0 ,$0 ,"$28,887,189 ","$2,622,781 ","$158,375,459 ","$11,427,894 ","$20,320,833 ","$607,169 ","$2,557,066 ","$10,487,196 ","$4,091,009 ","$8,590,993 ","$2,977,324 ",$0 ,"$565,514 ","$7,056,541 ","$13,623,183 ",$0 ,"$2,198,534 ","$132,220 ","$1,491,223 ","$39,659,824 ","$812,174 ","$9,802,391 ","$266,792 "
29,Fresno State,"$40,075 ","$5,500 ","$11,817,716 ","$973,675 ","$51,050,676 ","$7,811,164 ","$8,378,282 ","$1,255,981 ","$647,539 ","$3,744,047 ","$1,705,246 ","$2,496,054 ","$1,154,354 ","$290,492 ","$323,428 ","$302,088 ","$1,423,572 ","$1,340,927 ","$1,782,138 ","$594,048 ","$743,405 ","$2,690,287 ","$1,137,436 ","($413,926)","$393,222 "
30,Georgia,$0 ,$0 ,"$25,080,974 ","$2,005,150 ","$133,941,585 ","$11,953,833 ","$23,304,390 ","$1,592,853 ","$3,990,422 ","$6,389,212 ","$2,757,291 ","$7,282,059 ","$2,679,730 ","$532,007 ","$925,059 ","$9,911,086 ","$13,119,787 ",$0 ,"$3,482,014 ","$163,024 ","$2,377,995 ","$9,568,772 ","$4,648,154 ","$42,758,308 ","$2,177,773 "
31,Georgia Southern,"$28,937 ","$551,590 ","$5,624,860 ","$345,875 ","$31,181,439 ","$7,026,031 ","$5,556,886 ",$0 ,"$390,582 ","$2,270,865 ","$610,987 ","$650,126 ","$1,108,792 ",$0 ,"$38,825 ","$1,797,322 ","$1,376,967 ","$1,094,403 ","$359,629 ","$98,805 ","$190,550 ","$2,059,407 ",$0 ,"$514,702 ",$0 
32,Georgia State,$0 ,$0 ,"$6,075,516 ","$358,713 ","$32,629,661 ","$7,459,242 ","$4,631,620 ",$0 ,"$421,635 ","$2,066,746 ","$1,188,312 ","$938,783 ","$519,195 ",$0 ,"$140,832 ","$4,227,539 ","$856,303 ","$341,299 ","$312,167 ","$105,952 ","$339,231 ","$2,358,768 ","$161,458 ","$6,916,572 ","$126,350 "
33,Georgia Tech,$0 ,$0 ,"$14,132,322 ","$4,291,454 ","$88,517,077 ","$11,389,113 ","$13,296,899 ","$3,479,982 ","$1,313,034 ","$4,307,085 ","$1,622,179 ","$3,149,453 ","$2,448,520 ",$0 ,"$478,909 ","$13,433,680 ","$12,498,496 ",$0 ,"$993,461 ","$321,370 ","$338,427 ","$1,022,693 ",$0 ,"$3,129,991 ",$0 
34,Houston,$0 ,$0 ,"$10,734,294 ","$931,650 ","$57,106,913 ","$7,888,368 ","$8,957,220 ",$0 ,"$698,178 ","$3,457,495 ","$1,206,747 ","$2,098,525 ","$1,101,649 ",$0 ,$0 ,"$7,637,984 ","$3,539,106 ",$0 ,"$1,195,774 ","$31,024 ","$1,680,301 ","$5,226,276 ","$641,572 ","($1,964,496)","$80,750 "
35,Illinois,$0 ,$0 ,"$19,975,276 ","$2,695,982 ","$108,696,540 ","$12,709,040 ","$21,315,905 ","$838,435 ","$2,069,031 ","$5,630,705 ","$2,813,535 ","$2,416,549 ","$4,730,896 ","$873,514 ","$372,458 ","$17,032,030 ","$7,763,737 ",$0 ,"$997,889 ","$181,290 ","$1,698,150 ","$4,582,118 ",$0 ,"$6,435,646 ",$0 
36,Indiana,$0 ,$0 ,"$18,865,549 ","$4,861,956 ","$116,277,652 ","$16,121,115 ","$20,747,617 ","$1,868,225 ","$2,125,054 ","$5,755,289 ","$2,341,126 ","$4,388,752 ","$2,796,069 ",$0 ,"$403,966 ","$13,784,529 ","$11,094,842 ","$3,073,481 ","$1,840,505 ","$129,381 ","$1,514,077 ","$4,566,119 ",$0 ,"$6,655,484 ",$0 
37,Iowa,"$450,000 ",$0 ,"$22,548,235 ","$2,698,481 ","$130,117,820 ","$13,157,641 ","$20,641,524 ",$0 ,"$1,712,668 ","$7,965,521 ","$2,784,903 ","$4,522,625 ","$4,624,870 ","$405,786 ","$425,731 ","$20,917,384 ","$10,955,270 ",$0 ,"$1,595,984 ","$227,671 ","$3,517,788 ","$8,671,532 ","$1,695,838 ","$6,975,207 ","$598,368 "
38,Iowa State,$0 ,$0 ,"$14,265,405 ","$1,045,047 ","$88,670,048 ","$9,101,930 ","$12,659,831 ",$0 ,"$2,038,311 ","$5,100,136 ","$2,786,741 ","$2,791,166 ","$2,469,359 ",$0 ,"$550,202 ","$11,441,229 ","$10,665,410 ",$0 ,"$979,123 ","$3,443,773 ","$2,379,488 ","$4,497,797 ","$1,496,047 ","$83,616 ","$959,053 "
39,Kansas,$0 ,$0 ,"$17,736,274 ","$1,627,676 ","$104,108,072 ","$11,991,461 ","$20,738,090 ","$2,726,309 ","$2,326,971 ","$7,327,330 ","$5,151,599 ","$4,726,017 ","$3,406,166 ",$0 ,"$90,993 ","$9,287,257 ","$6,821,849 ",$0 ,"$938,672 ","$339,691 ","$2,983,188 ","$5,888,529 ",$0 ,"$2,199,254 ",$0 
40,Kansas State,$0 ,$0 ,"$15,507,557 ","$2,222,374 ","$77,633,258 ","$8,983,760 ","$14,837,800 ",$0 ,"$1,391,023 ","$5,399,707 ","$1,946,309 ","$3,158,698 ","$2,582,313 ",$0 ,"$170,879 ","$5,200,298 ","$4,406,281 ",$0 ,"$1,069,619 ","$3,702,028 ","$1,767,690 ","$3,270,750 ","$1,569,646 ","$9,278,051 ","$446,526 "
41,Kent State,$0 ,$0 ,"$6,500,793 ","$573,827 ","$29,993,310 ","$6,382,900 ","$4,979,330 ",$0 ,"$582,693 ","$2,959,454 ","$1,784,560 ","$652,148 ","$1,097,724 ","$449,620 ","$136,043 ","$244,946 ","$679,776 ",$0 ,"$164,763 ","$291,682 ","$92,616 ","$2,420,435 ",$0 ,"($1,203,491)",$0 
42,Kentucky,$0 ,$0 ,"$26,672,446 ","$3,558,855 ","$128,875,582 ","$15,362,515 ","$20,858,225 ","$967,137 ","$2,718,456 ","$9,086,268 ","$3,477,512 ","$7,102,578 ","$2,631,448 ","$1,478,911 ","$970,409 ","$9,970,474 ","$13,790,820 ",$0 ,"$891,266 ","$82,945 ","$1,070,895 ","$5,885,141 ","$1,661,642 ","$5,279,032 ","$637,639 "
43,Louisiana Tech,$0 ,$0 ,"$5,158,616 ","$703,428 ","$23,933,980 ","$5,697,724 ","$2,367,225 ",$0 ,"$430,680 ","$1,925,083 ","$1,763,632 ","$658,934 ","$295,006 ",$0 ,$0 ,"$604,528 ","$532,190 ","$1,623,962 ","$461,076 ","$366,257 ","$262,053 ","$672,323 ","$282,903 ","($261,094)","$128,360 "
44,"Louisiana, Lafayette",$0 ,$0 ,"$6,892,598 ","$368,366 ","$32,428,520 ","$6,643,259 ","$4,495,875 ","$760,045 ","$522,674 ","$2,159,995 ","$1,273,364 ","$1,912,301 ","$1,204,902 ",$0 ,$852 ,"$1,920,560 ","$1,696,637 ","$77,730 ","$876,576 ","$107,315 ","$453,289 ","$1,062,182 ",$0 ,"$82,086 ",$0 
45,"Louisiana, Monroe",$0 ,$0 ,"$3,839,696 ","$335,800 ",#NUM!,"$4,400,345 ","$2,000,153 ",$0 ,"$221,345 ","$1,259,019 ","$621,179 ","$752,314 ","$198,330 ",$0 ,$0 ,"$762,422 ","$415,623 ",$0 ,"$486,286 ","$169,440 ","$214,422 ","$219,973 ",$0 ,"($396,056)",$0 
46,Louisville,$0 ,$0 ,"$25,793,188 ","$2,589,229 ","$132,708,762 ","$14,792,057 ","$22,536,702 ","$7,986,325 ","$1,847,150 ","$5,942,594 ","$1,925,564 ","$7,015,772 ","$2,976,382 ",$0 ,"$588,285 ","$13,138,700 ","$8,798,492 ","$3,199,867 ","$1,176,255 ","$190,964 ","$1,703,375 ","$8,133,634 ","$1,564,170 ","$1,447,146 ","$810,057 "
47,LSU,$0 ,$0 ,"$26,501,120 ","$3,101,065 ","$137,451,520 ","$15,971,402 ","$20,460,817 ","$325,039 ","$2,661,602 ","$6,376,755 ","$3,908,350 ","$7,756,189 ","$1,133,002 ",$0 ,"$1,028,408 ","$13,455,276 ","$11,423,415 ",$0 ,"$967,368 ","$118,466 ","$1,270,132 ","$19,012,093 ","$1,524,401 ","$7,971,276 ","$456,620 "
48,Marshall,$0 ,$0 ,"$5,225,438 ","$568,250 ","$31,820,355 ","$7,118,520 ","$4,350,874 ","$71,989 ","$614,505 ","$3,477,723 ","$928,563 ","$1,242,361 ","$886,096 ","$123,980 ","$144,565 ","$745,114 ","$1,288,032 ","$1,066,678 ","$925,535 ","$376,916 ","$24,323 ","$1,704,860 ","$776,777 ","($1,208,202)","$159,256 "
49,Maryland,$0 ,$0 ,"$17,575,289 ","$1,298,007 ","$97,819,892 ","$16,691,196 ","$17,073,368 ","$305,068 ","$1,308,607 ","$6,666,503 ","$1,664,629 ","$2,671,905 ","$1,567,465 ",$0 ,"$257,461 ","$5,931,843 ","$13,621,082 ",$0 ,"$1,250,677 ","$171,263 ","$2,187,034 ","$7,578,495 ",$0 ,"$474,679 ",$0 
50,Massachusetts,$0 ,$0 ,"$6,515,645 ","$1,372,349 ","$46,438,521 ","$12,147,654 ","$5,662,390 ","$434,311 ","$1,089,759 ","$3,827,358 ","$1,268,147 ","$1,590,207 ","$611,950 ","$8,252 ","$61,052 ","$4,945,781 ","$1,351,173 ","$3,407,262 ","$425,895 ","$29,013 ","$439,651 ","$1,250,672 ",$0 ,"$1,643,263 ",$0 
51,Memphis,$0 ,$0 ,"$13,184,035 ","$1,630,175 ","$55,462,505 ","$9,766,283 ","$6,133,072 ","$405,280 ","$833,664 ","$3,867,555 ","$2,057,655 ","$4,016,402 ","$889,713 ",$0 ,"$131,542 ","$628,996 ","$2,319,831 ","$2,743,623 ","$1,041,564 ","$28,012 ","$999,210 ","$3,870,464 ","$543,554 ","($52,975)","$371,875 "
52,Miami (Ohio),$0 ,$0 ,"$7,319,989 ","$352,611 ","$37,127,174 ","$12,100,512 ","$5,054,002 ","$128,150 ","$830,375 ","$2,180,332 ","$1,100,010 ","$1,020,330 ","$618,317 ","$946,217 ","$74,693 ","$2,429,495 ","$276,285 ","$27,706 ","$589,495 ","$272,958 ","$537,329 ","$1,268,368 ",$0 ,"($354,586)",$0 
53,Michigan,$0 ,$0 ,"$32,693,458 ","$3,796,310 ","$183,414,032 ","$26,672,328 ","$36,210,770 ","$138,753 ","$3,011,982 ","$13,328,942 ","$6,110,417 ","$4,048,431 ","$4,186,617 ","$9,420 ","$1,150,194 ","$17,263,261 ","$19,361,935 ","$254,870 ","$954,102 ","$228,806 ","$4,780,476 ","$6,763,445 ","$2,037,265 ","$12,355,072 ","$412,250 "
54,Michigan State,"$535,000 ",$0 ,"$21,960,571 ","$3,045,301 ","$137,416,056 ","$15,888,613 ","$18,469,447 ","$45,000 ","$1,689,263 ","$6,709,931 ","$3,939,837 ","$5,855,897 ","$2,950,725 ","$1,356,500 ","$272,151 ","$30,873,356 ","$9,771,862 ","$809,489 ","$1,622,542 ","$139,352 ","$1,339,294 ","$6,931,961 ","$2,806,700 ","$8,224,233 ","$403,264 "
55,Middle Tennessee,$0 ,$0 ,"$6,294,509 ","$299,334 ","$35,353,956 ","$9,397,637 ","$4,423,557 ","$39,036 ","$509,279 ","$2,834,418 ","$1,075,282 ","$744,369 ","$995,560 ",$0 ,$0 ,"$1,257,169 ","$817,464 ","$2,062,351 ","$482,703 ","$45,591 ","$229,749 ","$3,526,466 ","$245,794 ",$0 ,"$73,688 "
56,Minnesota,$0 ,$0 ,"$22,008,504 ","$2,115,222 ","$115,090,006 ","$12,778,000 ","$19,243,897 ","$368,412 ","$2,215,207 ","$7,772,463 ","$4,114,210 ","$4,274,279 ","$1,913,964 ",$0 ,"$1,031,217 ","$6,761,004 ","$16,199,290 ","$4,813,848 ","$1,388,942 ","$170,893 ","$3,635,726 ","$4,284,128 ",$800 ,"$9,757,636 ",$0 
57,Mississippi State,"$2,000 ",$0 ,"$17,619,113 ","$1,940,898 ","$89,794,392 ","$9,766,661 ","$11,867,009 ","$339,209 ","$1,353,555 ","$6,624,565 ","$4,378,660 ","$4,434,987 ","$2,054,414 ","$367,494 ","$143,555 ","$10,129,252 ","$9,090,532 ",$0 ,"$899,810 ","$110,058 ","$614,898 ","$6,275,417 ","$1,578,540 ","$14,064,473 ","$203,765 "
58,Missouri,$0 ,$0 ,"$19,689,886 ","$2,751,626 ","$109,158,522 ","$11,537,169 ","$22,145,769 ",$0 ,"$1,657,753 ","$7,455,414 ","$2,571,208 ","$3,517,384 ","$1,001,755 ","$526,708 ","$671,715 ","$6,671,482 ","$17,418,105 ",$0 ,"$1,336,298 ","$139,946 ","$555,744 ","$7,785,966 ","$1,419,320 ","($1,806,941)","$305,274 "
59,NC State,"$120,750 ",$0 ,"$18,426,315 ","$1,927,096 ","$86,756,449 ","$13,151,527 ","$16,370,265 ","$1,175,470 ","$1,781,451 ","$6,527,772 ","$2,982,873 ","$3,690,131 ","$1,046,831 ","$44,029 ","$554,951 ","$2,488,874 ","$7,062,544 ",$0 ,"$1,433,501 ","$2,856,023 ","$935,763 ","$2,473,774 ","$1,228,476 ","$1,220,083 ","$478,033 "
60,Nebraska,$0 ,$0 ,"$19,911,657 ","$3,316,707 ","$135,627,283 ","$12,004,142 ","$26,043,188 ","$12,926,350 ","$2,545,583 ","$7,073,497 ","$4,719,807 ","$5,375,470 ","$1,704,279 ",$0 ,"$136,200 ","$669,532 ","$28,914,493 ",$0 ,"$1,181,228 ","$189,942 ","$1,945,213 ","$6,969,995 ",$0 ,"$6,595,943 ",$0 
61,Nevada,$0 ,$0 ,"$6,239,593 ","$1,274,052 ","$41,381,121 ","$9,029,804 ","$5,642,380 ","$287,500 ","$943,618 ","$3,152,747 ","$1,268,308 ","$1,155,397 ","$1,440,092 ",$0 ,"$131,298 ","$2,119,446 ","$2,569,991 ","$2,743,739 ","$519,771 ","$488,791 ","$383,336 ","$1,991,258 ",$0 ,"($7,092,855)",$0 
62,New Mexico,$0 ,$0 ,"$7,745,084 ","$730,900 ","$41,936,043 ","$8,150,932 ","$6,398,373 ","$515,861 ","$803,502 ","$3,144,759 ","$532,965 ","$1,798,015 ","$378,288 ",$0 ,"$236,329 ","$1,115,342 ","$1,651,607 ","$869,777 ","$570,462 ","$561,752 ","$474,402 ","$6,216,220 ","$41,473 ",$0 ,$0 
63,New Mexico State,$0 ,$0 ,"$4,397,811 ","$216,200 ","$25,693,309 ","$7,673,915 ","$3,107,134 ",$0 ,"$401,687 ","$2,555,498 ","$602,230 ","$1,159,676 ","$360,359 ",$0 ,"$101,440 ","$240,000 ","$1,360,434 ","$826,694 ","$565,325 ","$245,424 ","$450,866 ","$1,125,305 ","$283,311 ","$626,921 ","$20,000 "
64,North Carolina,$0 ,$0 ,"$18,978,962 ","$1,166,800 ","$102,430,558 ","$16,613,846 ","$16,879,694 ",$0 ,"$1,883,458 ","$6,865,161 ","$3,657,491 ","$3,972,723 ","$729,294 ",$0 ,"$421,147 ","$3,096,184 ","$9,851,122 ","$1,813,707 ","$2,789,471 ","$2,491,179 ","$1,310,081 ","$9,910,238 ",$0 ,"$2,140,846 ",$0 
65,North Texas,$0 ,$0 ,"$6,966,062 ","$909,918 ","$38,635,792 ","$5,928,828 ","$6,440,367 ","$631,677 ","$378,188 ","$2,579,322 ","$1,574,244 ","$1,958,081 ","$850,808 ","$422,578 ",$0 ,"$4,497,601 ","$3,177,292 ",$0 ,"$671,095 ","$397,672 ","$188,053 ","$175,446 ","$687,690 ","($633,416)","$200,870 "
66,Northern Illinois,$0 ,$0 ,"$4,336,410 ","$773,500 ","$25,821,426 ","$7,683,032 ","$2,827,909 ","$33,475 ","$323,571 ","$2,197,366 ","$962,037 ","$823,207 ","$742,214 ","$181,483 ","$21,828 ","$1,092,368 ","$944,716 ","$367,733 ","$620,147 ","$289,111 ","$106,511 ","$968,181 ","$408,799 ","$34,974 ","$117,828 "
67,Ohio,$0 ,$0 ,"$5,752,243 ","$869,350 ","$35,869,324 ","$8,403,029 ","$3,303,172 ",$0 ,"$635,731 ","$2,021,566 ","$755,327 ","$474,366 ","$1,006,993 ","$258,453 ",$0 ,"$2,368,136 ","$5,406,521 ","$2,554,390 ","$642,153 ","$328,391 ",$0 ,"$631,744 ","$457,759 ","($2,559,287)",$0 
68,Ohio State,$0 ,$0 ,"$38,911,213 ","$4,103,107 ","$203,809,715 ","$21,305,478 ","$35,348,842 ","$6,397,241 ","$2,819,239 ","$12,003,148 ","$4,971,124 ","$5,716,581 ","$1,333,662 ","$1,426,016 ","$468,841 ","$20,919,781 ","$25,861,331 ",$0 ,"$1,468,239 ","$333,507 ","$3,742,691 ","$11,166,277 ","$4,181,828 ","$1,746,948 ","$1,331,569 "
69,Oklahoma,$0 ,$0 ,"$25,830,103 ","$2,410,621 ","$152,674,475 ","$15,056,236 ","$21,150,588 ","$465,918 ","$2,542,581 ","$7,813,896 ","$6,824,576 ","$12,432,367 ","$5,259,551 ",$0 ,"$319,831 ","$14,842,471 ","$21,784,826 ",$0 ,"$1,807,040 ","$100,663 ","$2,346,159 ","$8,662,937 ","$2,610,687 ","$22,651,025 ","$413,424 "
70,Oklahoma State,$0 ,$0 ,"$18,007,541 ","$1,146,945 ","$88,228,667 ","$7,456,645 ","$16,856,943 ","$236,385 ","$1,817,717 ","$6,397,218 ","$5,662,812 ","$3,005,316 ","$2,607,300 ",$0 ,"$394,160 ","$3,556,969 ","$6,591,528 ",$0 ,"$1,374,672 ","$291,566 ","$1,000,085 ","$9,647,198 ","$1,811,724 ","$287,700 ","$365,943 "
71,Old Dominion,$0 ,$0 ,"$7,347,516 ","$652,481 ","$45,189,213 ","$9,678,274 ","$6,540,028 ",$0 ,"$805,815 ","$3,453,672 ","$1,967,260 ","$1,416,890 ","$795,040 ","$3,106 ","$93,782 ","$4,361,257 ","$4,891,067 ",$0 ,"$385,028 ","$406,924 ","$21,255 ","$2,369,818 ",$0 ,"($918,180)",$0 
72,Ole Miss,$0 ,$0 ,"$18,861,309 ","$3,757,700 ","$116,812,268 ","$10,616,926 ","$17,547,390 ","$5,174,614 ","$1,683,435 ","$5,614,309 ","$4,649,788 ","$6,824,286 ","$2,793,823 ","$645,710 ","$774,522 ","$17,629,731 ","$14,124,916 ",$0 ,"$1,199,187 ","$61,125 ","$989,234 ","$3,864,263 ",$0 ,"($5,899,651)",$0 
73,Oregon,"$153,800 ","$33,000 ","$22,967,829 ","$2,536,571 ","$119,811,239 ","$13,261,559 ","$20,227,415 ",$0 ,"$1,878,901 ","$5,305,807 ","$3,686,367 ","$3,724,409 ","$1,210,467 ","$495,590 ","$360,109 ","$19,089,414 ","$16,595,070 ",$0 ,"$1,357,824 ","$93,752 ","$1,631,125 ","$3,885,815 ","$1,181,415 ","$2,730,588 ","$135,000 "
74,Oregon State,$0 ,$0 ,"$16,083,039 ","$1,659,963 ","$88,600,330 ","$9,932,095 ","$13,596,308 ","$1,085,472 ","$1,443,224 ","$4,647,814 ","$4,205,824 ","$3,032,955 ","$1,881,904 ","$1,479,760 ","$272,527 ","$12,978,403 ","$4,983,783 ",$0 ,"$2,031,214 ","$3,579,311 ","$1,247,603 ","$4,459,131 ",$0 ,"($7,888,330)",$0 
75,Penn State,$0 ,$0 ,"$29,229,628 ","$3,448,700 ","$155,184,697 ","$20,261,209 ","$26,517,915 ","$148,135 ","$2,708,778 ","$7,962,950 ","$3,194,317 ","$8,159,696 ","$1,928,620 ",$0 ,"$326,068 ","$20,230,213 ","$11,939,450 ",$0 ,"$2,009,560 ","$91,103 ","$1,452,644 ","$11,838,152 ","$3,150,866 ","$10,188,517 ","$586,693 "
76,Purdue,"$121,672 ","$71,747 ","$17,990,815 ","$1,466,313 ","$95,176,957 ","$11,512,537 ","$18,513,698 ","$2,158,867 ","$1,459,650 ","$5,705,758 ","$1,924,416 ","$2,691,122 ","$2,285,723 ",$0 ,"$271,573 ","$9,675,766 ","$8,799,721 ",$0 ,"$1,098,548 ","$140,305 ","$2,373,792 ","$4,805,954 ","$1,838,241 ","$7,915,247 ","$270,739 "
77,Rutgers,"$808,315 ","$111,057 ","$17,397,449 ","$2,923,728 ","$102,518,486 ","$16,824,971 ","$19,340,875 ","$2,017,961 ","$1,881,103 ","$7,538,225 ","$5,129,968 ","$4,679,748 ","$1,336,480 ",$0 ,"$629,234 ","$6,147,171 ","$9,834,111 ",$0 ,"$1,384,737 ","$102,071 ","$2,570,862 ","$1,860,420 ",$0 ,"($1,773,100)",$0 
78,San Diego State,$0 ,$0 ,"$10,168,259 ","$955,316 ","$54,933,032 ","$8,808,212 ","$10,674,786 ",$0 ,"$684,266 ","$3,677,619 ","$1,397,149 ","$2,413,285 ","$4,471,306 ","$160,913 ","$367,287 ","$2,710,105 ","$1,800,661 ","$1,943,458 ","$867,023 ","$491,563 ","$624,714 ","$1,275,144 ","$1,131,940 ","$754,152 ","$310,026 "
79,San Jose State,$0 ,$0 ,"$7,910,851 ","$815,000 ","$32,563,136 ","$8,108,637 ","$5,341,355 ","$467,615 ","$409,818 ","$2,879,773 ","$1,416,581 ","$1,191,078 ","$442,115 ",$0 ,"$21,462 ","$448,101 ",$0 ,"$1,028,960 ","$529,984 ","$516,467 ","$66,828 ","$968,511 ",$0 ,"$1,596,061 ",$0 
80,South Alabama,$0 ,$0 ,"$5,906,508 ","$210,500 ","$29,894,011 ","$7,018,864 ","$4,985,031 ",$0 ,"$400,965 ","$2,054,137 ","$2,353,707 ","$727,558 ","$342,509 ",$0 ,"$291,734 ","$1,690,857 ","$1,007,877 ",#N/A,"$605,963 ","$115,298 ","$193,896 ","$1,988,607 ",$0 ,"($853,053)",$0 
81,South Carolina,"$7,187,500 ","$487,813 ","$15,336,867 ","$1,734,904 ","$134,863,557 ","$16,418,748 ","$24,390,153 ","$910,269 ","$2,128,667 ","$7,614,883 ","$3,794,458 ","$7,771,451 ","$2,347,843 ","$108,721 ","$575,947 ","$13,550,745 ","$19,853,281 ",$0 ,"$1,703,227 ","$84,363 ","$1,571,419 ","$5,409,459 ","$1,653,830 ","$5,220,593 ","$229,009 "
82,South Florida,"$25,000 ","$5,000 ","$8,948,865 ","$1,142,009 ","$50,674,340 ","$6,328,125 ","$8,797,191 ","$829,632 ","$1,029,164 ","$4,613,153 ","$2,140,521 ","$1,656,872 ","$1,203,863 ","$13,092 ","$295,225 ","$5,137,474 ","$2,672,606 ",$0 ,"$821,813 ","$40,480 ","$768,003 ","$3,378,414 ","$716,338 ","($5,118,227)","$111,500 "
83,Southern Mississippi,$0 ,$0 ,"$4,439,843 ","$394,687 ","$26,135,504 ","$5,518,865 ","$3,332,307 ",$0 ,"$687,450 ","$2,386,444 ","$624,615 ","$1,174,027 ","$308,181 ","$150,630 ",$0 ,"$1,904,808 ","$707,010 ","$480,000 ","$462,203 ","$361,052 ","$70,723 ","$2,598,751 ","$431,922 ","($1,886,784)","$101,986 "
84,Tennessee,$0 ,$0 ,"$21,843,304 ","$3,120,400 ","$150,030,497 ","$14,530,655 ","$25,770,210 ","$13,768,072 ","$3,220,244 ","$8,041,157 ","$4,367,250 ","$5,201,736 ","$7,220,868 ","$271,735 ","$807,284 ","$16,877,236 ","$13,759,807 ",$0 ,"$1,611,841 ","$72,811 ","$2,306,733 ","$7,239,154 ",$0 ,"($6,485,382)",$0 
85,Texas,$0 ,$0 ,"$26,052,112 ","$2,157,000 ","$206,554,432 ","$12,655,927 ","$42,055,348 ","$7,846,472 ","$3,199,072 ","$8,877,600 ","$3,332,058 ","$11,177,668 ","$10,718,887 ","$2,806,831 ","$840,865 ","$24,519,458 ","$36,339,130 ",$0 ,"$1,680,414 ","$446,387 ","$2,747,988 ","$8,218,228 ","$723,587 ","$12,848,147 ","$159,400 "
86,Texas A&M,$0 ,$0 ,"$32,752,266 ","$3,976,183 ","$165,782,418 ","$11,133,891 ","$21,104,092 ","$8,031,684 ","$3,036,727 ","$9,913,279 ","$3,247,123 ","$4,219,713 ","$289,232 ","$3,973,166 ","$106,478 ","$24,836,875 ","$15,431,262 ",$0 ,"$851,544 ","$184,797 ","$2,886,049 ","$18,106,588 ","$1,186,588 ","$46,617,008 ","$514,881 "
87,Texas State,$0 ,$0 ,"$4,666,402 ","$265,265 ","$34,470,226 ","$5,282,035 ","$4,450,272 ","$101,916 ","$531,321 ","$2,583,586 ","$475,419 ","$1,093,784 ","$975,733 ",$0 ,"$153,653 ","$3,803,890 ","$6,915,386 ","$419,880 ","$283,464 ","$118,334 ","$680,664 ","$1,669,222 ",$0 ,"$2,797,532 ",$0 
88,Texas Tech,$0 ,$0 ,"$17,165,340 ","$2,081,315 ","$88,948,721 ","$7,401,068 ","$18,408,838 ",$0 ,"$1,833,803 ","$7,101,082 ","$2,224,531 ","$3,915,967 ","$2,262,990 ",$0 ,"$135,661 ","$11,519,148 ","$7,890,588 ",$0 ,"$1,208,436 ","$137,059 ","$918,101 ","$3,730,913 ","$731,260 ","$311,062 ","$282,621 "
89,Toledo,$0 ,$0 ,"$6,286,354 ","$709,764 ","$33,776,969 ","$8,368,053 ","$3,936,445 ",$0 ,"$557,945 ","$1,951,515 ","$1,866,466 ","$1,792,384 ","$612,592 ","$284,020 ","$59,767 ","$1,367,467 ","$537,071 ","$2,197,547 ","$435,136 ","$208,241 ","$417,715 ","$1,585,915 ","$554,072 ",$0 ,"$48,500 "
90,UAB,$0 ,$0 ,"$6,579,779 ","$788,930 ","$35,809,571 ","$8,522,659 ","$5,850,694 ",$0 ,"$655,128 ","$2,749,655 ","$1,477,238 ","$1,152,635 ","$720,852 ",$0 ,"$696,201 ","$1,074,179 ","$1,052,294 ","$232,275 ","$557,932 ","$371,482 ","$436,253 ","$2,286,707 ","$456,441 ","($1,073,284)","$148,237 "
91,UCF,$0 ,$0 ,"$10,845,275 ","$1,345,345 ","$61,118,971 ","$8,838,863 ","$9,380,340 ","$450,103 ","$717,790 ","$3,618,969 ","$2,116,743 ","$2,179,776 ","$1,113,266 ",$0 ,"$210,682 ","$5,400,149 ","$4,835,949 ",$0 ,"$608,867 ","$188,041 ","$1,053,447 ","$4,021,248 ","$3,355,718 ","$849,086 ","$838,400 "
92,UCLA,$0 ,$0 ,"$23,231,458 ","$1,596,000 ","$130,960,560 ","$14,536,160 ","$21,759,738 ","$12,535,781 ","$1,620,167 ","$7,077,656 ","$4,658,610 ","$8,308,083 ","$1,461,774 ","$2,734,843 ","$59,912 ","$3,952,902 ","$9,707,991 ",$0 ,"$990,900 ","$102,640 ","$3,094,623 ","$11,867,742 ","$1,533,580 ",$0 ,"$130,000 "
93,UNLV,"$35,000 ",$0 ,"$7,165,744 ","$1,207,472 ","$50,014,197 ","$8,231,499 ","$6,396,855 ","$650,404 ","$1,173,505 ","$2,695,892 ","$2,454,205 ","$1,192,739 ","$2,058,523 ",$0 ,"$411,060 ","$3,282,889 ","$5,102,081 ","$3,877,138 ","$826,692 ","$531,582 ","$364,533 ","$2,356,384 ",$0 ,"$554,095 ",$0 
94,Utah,$0 ,$0 ,"$18,691,407 ","$1,549,419 ","$87,578,834 ","$10,894,082 ","$13,181,124 ","$932,486 ","$1,964,161 ","$6,246,860 ","$3,670,190 ","$2,507,890 ","$2,265,404 ","$357,477 ","$416,421 ","$6,769,976 ","$1,204,213 ","$1,782,799 ","$1,092,534 ","$140,254 ","$1,276,811 ","$10,969,074 ","$1,187,574 ","$3,807,759 ","$478,678 "
95,Utah State,"$643,515 ",$0 ,"$6,879,576 ","$607,511 ","$39,075,114 ","$6,156,344 ","$4,672,329 ","$357,641 ","$592,703 ","$3,007,743 ","$1,249,773 ","$937,272 ","$614,542 ",$0 ,"$20,500 ","$5,787,651 ","$867,770 ","$1,955,064 ","$410,719 ","$519,729 ","$675,595 ","$2,240,879 ","$684,798 ","($362,717)","$193,460 "
96,UTEP,"$113,093 ","$45,447 ","$5,818,902 ","$651,787 ","$33,439,133 ","$7,822,109 ","$4,083,379 ","$1,291,472 ","$658,861 ","$2,998,163 ","$804,121 ","$1,108,283 ","$964,750 ","$49,687 ","$313,130 ","$1,486,368 ","$1,171,156 ","$1,652,124 ","$898,790 ","$362,729 ","$569,053 ","$575,729 ",$0 ,"($583,830)",$0 
97,UTSA,$0 ,$0 ,"$6,227,774 ","$412,400 ","$31,308,818 ","$6,029,598 ","$4,712,379 ","$416,365 ","$655,670 ","$3,056,580 ","$949,232 ","$1,242,885 ","$360,909 ","$150,031 ","$107,034 ","$914,392 ","$2,869,804 ","$611,370 ","$553,268 ","$81,593 ","$647,472 ","$1,310,062 ",$0 ,"($940,625)",$0 
98,Virginia,$0 ,$0 ,"$22,231,786 ","$1,694,500 ","$106,926,915 ","$18,961,246 ","$18,066,114 ","$680,717 ","$1,740,460 ","$7,090,402 ","$2,154,621 ","$4,887,371 ","$486,916 ","$143,269 ","$146,483 ","$9,650,642 ","$9,210,271 ",$0 ,"$1,576,317 ","$100,014 ","$1,219,622 ","$5,798,554 ","$801,339 ","($345,345)","$286,271 "
99,Virginia Tech,$0 ,$0 ,"$19,474,615 ","$1,303,531 ","$93,588,260 ","$14,281,972 ","$13,685,760 ","$490,257 ","$1,588,752 ","$4,934,968 ","$2,471,725 ","$4,687,876 ","$952,087 ",$0 ,"$477,962 ","$5,932,008 ","$15,031,617 ",$0 ,"$1,216,525 ","$60,931 ","$1,587,761 ","$3,183,162 ","$1,782,185 ","$4,897,135 ","$444,566 "
100,Washington,$0 ,$0 ,"$21,542,788 ","$2,587,358 ","$126,133,008 ","$13,416,662 ","$21,779,276 ","$370,564 ","$1,740,611 ","$6,813,978 ","$5,142,216 ","$8,605,936 ","$4,252,032 ","$97,868 ","$675,561 ","$15,189,210 ","$7,954,598 ",$0 ,"$1,319,102 ","$120,430 ","$1,965,871 ","$10,153,874 ","$1,945,073 ","$4,786,323 ","$460,000 "
101,Washington State,$0 ,$0 ,"$12,788,800 ","$1,687,947 ","$73,775,035 ","$10,779,818 ","$13,261,269 ","$1,099,264 ","$1,269,495 ","$4,127,165 ","$2,160,593 ","$2,022,397 ","$2,021,348 ","$279,414 ","$209,277 ","$9,214,963 ","$1,996,167 ","$308,852 ","$837,520 ","$2,139,759 ","$1,112,910 ","$4,628,114 ","$1,465,763 ","($8,657,320)","$364,200 "
102,West Virginia,$0 ,$0 ,"$16,440,149 ","$1,549,952 ","$91,807,281 ","$11,481,009 ","$16,374,363 ",$0 ,"$1,546,908 ","$7,482,740 ","$3,071,855 ","$4,790,275 ","$721,584 ","$916,763 ","$148,047 ","$11,262,460 ","$3,443,577 ",$0 ,"$1,023,329 ","$113,300 ","$2,504,840 ","$7,686,638 ","$1,124,492 ","$10,877,142 ","$125,000 "
103,Western Kentucky,"$50,058 ","$21,895 ","$5,798,412 ","$765,258 ","$30,595,027 ","$6,392,767 ","$4,526,637 ",$0 ,"$562,304 ","$2,090,249 ","$684,426 ","$1,250,815 ","$869,864 ","$465,998 ","$95,505 ","$2,816,155 ","$646,372 ","$531,088 ","$804,775 ","$366,314 ","$352,280 ","$930,804 ","$573,051 ",($1),$0 
104,Western Michigan,$0 ,$0 ,"$6,987,564 ","$732,337 ","$37,925,540 ","$8,846,993 ","$4,272,031 ","$16,458 ","$518,978 ","$2,309,047 ","$1,121,830 ","$1,525,922 ","$937,725 ","$356,474 ","$152,569 ","$4,266,673 ","$1,477,935 ","$1,640,225 ","$1,581,591 ","$395,979 ","$756,469 ","$28,740 ",$0 ,"($1,702,460)",$0 
105,Wisconsin,$0 ,$0 ,"$20,879,322 ","$3,283,944 ","$149,798,158 ","$17,207,930 ","$33,204,048 ","$378,340 ","$1,224,327 ","$8,842,741 ","$2,869,993 ","$5,137,010 ","$3,414,355 ","$1,289,455 ","$182,898 ","$11,212,808 ","$22,062,123 ","$2,967,000 ","$2,369,548 ","$71,927 ","$1,515,880 ","$8,665,106 ","$1,813,837 ","$2,168,637 ","$1,205,566 "
106,Wyoming,"$223,510 ","$45,882 ","$8,486,434 ","$1,392,250 ","$43,005,108 ","$6,797,619 ","$7,489,426 ",$0 ,"$887,366 ","$2,734,682 ","$957,702 ","$1,343,665 ","$4,868,551 ",$0 ,"$76,970 ","$450,000 ","$1,352,134 ","$530,548 ","$889,708 ","$548,514 ","$1,058,060 ","$2,008,566 ","$653,656 ","$1,905,533 ","$209,865 "