UNITID,school_name.x,coach_comp_third,support_comp_third,coach_comp,guarantees,total_ops,aid,support_comp,severance,recruiting,team_travel,equip,game_expenses,marketing,camps,spirits,facilities,overhead,indirect_institutional,medical,membership,meals,otherops,bowl_expenses,prof_def,bowl_coachcomp,total_expenditure,discounts_to_tuition,gifts,research_expenditure,graduation_rate
100663,University of Alabama at Birmingham,0,0,7407960.75,757476.5,35312774,8104000.25,5603176.5,163625.5,484293.25,2490054.5,1398020.25,920630.75,640572,0,744445,1117652.75,1231957.5,225377.75,527238.5,372501,466883,2169440.25,348584,287966.5,138884,70913514.5,76686314,40022752.75,315593411.5,58534
100751,The University of Alabama,0,0,31945235.2,3600961.4,178213091.6,17947534.4,31870899.2,2010298.8,3058515,6680114.4,3458797.8,7760500.2,3984825.6,1044316.6,542126.6,21319456.6,12409714.4,2523084.6,4225688.4,251675.4,894452,14919304.6,6139765.2,13795618.75,1384046,356455978,272603318,49178852.25,92198408.25,42949
100858,Auburn University,0,0,27813780.2,3537182.2,139951196.2,16858575.2,25660489.6,5770322.4,1797730.8,6599185.2,5569320,3170113.6,3679104,0,551982.6,11608326.6,13874076.2,0,974500,336636.4,1614860.4,8863299,1172360.8,15470520,499351,283808709.25,123419402.5,44963460.25,214672294.5,9664.5
102094,University of South Alabama,0,0,6400967.8,437243.4,32055041,6865624,4850228.4,8179,445934.4,2015429.8,1606951.8,824726.2,261231,3336.8,308917.8,3964339.8,1300518.8,0,688795.4,188298.8,297686,1586631.8,0,2632845.5,0,63423719.75,37340250,15575000,36397500,77588
104151,Arizona State University Campus Immersion,5500,0,21616728,1574834.2,118176055.2,16713929.4,21234656.4,3032336,1230479,5460784.8,5642518.6,4308948.6,3960484,4345.4,526222.4,12242894.8,11414976.2,1922222.6,1949251,50890,1819465.4,2053499.6,1133624.8,1350547.3333333333,277464,234448952.5,443877000,77915000,374953250,55950
104179,University of Arizona,1155299.6,22910,21524735,1522275.6,104671218.2,13456126.6,17433150.2,1654899.2,1595507.8,6291375.4,3512869.4,4269462.2,1316532,0,214546.4,10538588.6,7602417.8,2159850.8,1167874,139838.2,2143305.4,6665529.4,204939.6,1803160.6666666667,79185,200557953,250277750,83965500,527791250,11580.25
106397,University of Arkansas,105000,0,23276239.4,3805570.6,127352830.2,13179291.6,22602882.8,3704652,2052010,7971760.8,3825093.6,5575132.4,2677274,40594.4,1157540.6,12531406.6,9771417.8,0,2119934.2,82348.6,3640597.2,8445709.8,498492.2,9906865,289881.6,254080741.5,79001719.5,78311138,166539559.25,42714
106458,Arkansas State University,1473539.75,331869,3331346,436430,36077194,7373589.25,3002827.5,0,460627.75,2578061,1923334.25,933700,464483.75,0,24400.25,2091763.5,1366169.5,0,274989.25,129146,212678.5,9269322.5,329291.5,0,69624.75,55966130.5,39324954.25,2581905,11018437,28935.75
110556,California State University-Fresno,18897.2,2599.6,11525358.2,721179.8,46397856.6,7624143.2,8494392.2,571731,519054.4,3094007.2,1797871.8,2643382.6,788623.4,195874.6,275378.8,338930,1172621,785993.8,1350276.6,583457,799194.8,2391214.4,481049.2,3597412.5,222625.8,92633246,111638663,5703108.5,4918166,48101.25
110635,University of California-Berkeley,0,0,21485432.2,1272432.2,104417950.8,11974326.4,22906163.6,977964.2,1402952.8,6234261.6,5271770.6,4237740.6,3861616.2,0,133019,11881723.6,4742550,0,2661322.4,75834.4,1634920.6,3392682.6,252369.75,-2227850.5,69344,200642522.25,214454435.75,254098250,683055652.75,21577.75
110662,University of California-Los Angeles,0,0,25589727.8,1643639.2,123785381.4,15601385.2,22824665,3289064.6,1340530.4,6339293.4,4173063.4,8311921.6,993883,1833228.2,37929.2,6370720.6,10599625.4,0,1147675.8,69543.2,4043793.2,9032322.8,486910.4,0,56459,243909997,236435193.25,284544500,983750447.25,16813.25
122409,San Diego State University,0,0,11472896.2,1026831.2,57046732.2,9057615.4,11546596.2,55665.2,550668,3546293.2,1374531.2,1834237.8,5885844.4,86412,314317.8,2653542.4,1493494.8,2061604.2,619242.8,489304.8,412515.8,1471364,826186.8,754152,267568,109182410,131817767,17153908.75,6501150,21720.75
122755,San Jose State University,0,0,9255629.6,675519.2,34743999.4,7988488.6,6643310.4,93523,423644.8,2828108.6,1096795.4,1342291,452806.8,16203.8,43642,467143.2,10970.4,1079860.6,616788,183215,284360,1190266.4,51432.6,885953.6666666666,0,68009402.75,109816712.25,6674191.25,1162098.75,25602
126614,University of Colorado Boulder,0,0,15907165.8,1016593.6,87988490.4,11906125.6,15495668,2235936.6,986492.2,3394053.6,1589610.6,3229510.2,1130662,319854.4,283737.4,9507477.2,9144550.4,2261384.2,1491181,73777.8,1747604.6,6105704.4,138500.8,2082765.5,22900,173028260.75,137849869.5,87645161.25,449095253.75,24921
126818,Colorado State University-Fort Collins,24588.4,0,9753533.2,754604,54297156.4,9390422.4,7233994.4,929415.4,779832.2,2661744,2555356.2,2036639,813482.8,273505.2,59648.4,9310845,1418643.6,1857519.4,630395,585338.6,786087,2297367.2,105511.6,1443705,38683.4,106926589.25,121206231,57143298.25,261322138,39884.5
129020,University of Connecticut,0,0,18921241.6,1189806.8,79610187.8,15572845.8,13725712.4,2981660.4,1471721,6582899.4,2548590.2,2922597.6,1056745.8,0,36656.8,3598049.6,1750706.2,0,967181.6,150699.4,989070.2,5144003,0,262816.3333333333,0,150276462.25,253889316.75,29166883.25,176753781,43885.25
132903,University of Central Florida,0,0,13082428,1167398.4,64642039.8,9702876,11193513.2,256091.2,703418.8,3603312.6,2066890.8,2103869.4,1689715,0,209596.4,5547645.6,4965819.8,0,714782.2,195762,1051528.6,4100513.8,1865083,6845339.4,421795,130579900.25,207136098.5,25200312.25,182932012.5,49964
133669,Florida Atlantic University,9375,2275,7324042,544138.2,35798905.6,4326832,4479628.4,40760.8,522553.8,2888762.2,1423859.2,1936695.6,646240.6,0,69276,2497748.2,2042613.6,4197770.4,982074.4,408801,563141.6,742976,153377.2,1100803.2,8000,71539706.75,81624341,0,68736684,26422.5
133951,Florida International University,0,0,6815421.6,720553.4,35051753.2,6843270.6,4979280.6,23380,349744.8,2362312,912044.8,1284686.4,592497.8,0,192590,2766175.6,2595320,1150584.4,429519.6,467101.8,134963.4,2233989.8,170553,2865825.6,27763.6,71092287.75,181256945.25,24820649,165917078,20983.5
134097,Florida State University,0,0,24872896.2,2398660.4,147376094,11097163.8,21066100.6,4332061.6,1777314.2,8092065.2,4467516,4285022.2,2746432.4,0,330331.2,10602493.6,18758704.6,0,1908166.4,1642500.2,1602753.6,26912681.2,380843.8,7649250.75,102386.8,298109581.25,168635885.25,68874343.5,202386089.75,13025.75
134130,University of Florida,789000,0,27267645.4,2599763.2,145714493.8,13586817.6,34853975,6231445.8,2087540.4,8801297.6,3777426,6141410.8,2503068.4,771133.6,689158.6,9766777.2,16146087.2,0,2197947.2,125485,2210747.4,3429058.4,1146772.2,19308085.8,591936.8,297225789.5,227183500,168008750,767753000,34711.25
137351,University of South Florida,20000,4000,11098393.2,1125028,55097192.4,7185113.2,9456273.8,1246384.4,788271.4,4494425,3413524.4,2202810.8,857892.4,2618.4,216077.8,4789935.6,3468108.6,0,927622.8,32332.8,909977,2591100.2,236498.2,1727715,30804.4,108326397.5,138391720,24114721.25,343162334.5,32196
139755,Georgia Institute of Technology-Main Campus,0,0,16727232.6,2243875.2,94341587.4,12029106.8,14749425.6,1423162.4,1405620.6,4786006.4,3450065.8,4057012.8,3157920.2,0,613567,12752934.4,11929474.4,2162706.2,1382719.6,299011.4,601209,232060.4,248517.2,1748348.6666666667,89959.4,184326561.25,51394227.75,2007895.5,986980129.25,38288.25
139931,Georgia Southern University,5787.4,110318,5772043,375631.2,29888085,6698676,5583424.2,119708.2,315566.8,1976919,688924,761758.2,828171.6,0,30665.4,1820299.4,817919.8,1238327.6,791465.2,101717.2,202164.2,1397245.2,208534.6,171567.33333333334,42818.8,59498757,45272450.75,8371872.25,20834587,22573.5
139940,Georgia State University,0,0,6510097.8,333639.4,35413239,7879111.2,5163655,0,302087,1800625.4,1055077.6,909227,390507.8,0,68272.8,3729088.6,1011146.6,292021.4,304118.8,112657.8,344853.4,4940669,166862.4,6334759.5,99520,70305259,75258335.5,3140629.25,192158929.25,50540
139959,University of Georgia,0,0,29532950.4,2995850,141549685.2,11639142.8,26149522.4,1502640,4045574,6284662.2,1992470.4,7226769.8,2613416.2,346173,696616.8,9736094.4,15018023.8,0,2527562.2,136615.2,3332311.8,11021874,3022497.2,38880615,1728918.6,309456214.5,152004892.5,68053285.75,461594894,14896.5
142115,Boise State University,0,0,9614471.4,748427.8,47849819.2,8938279.6,8411179,0,641491.6,3009635.4,838840.8,1258686,426140,218052.4,209584.2,4351317.2,2789947.6,2822465.6,900900,668704.2,662815,840963.6,425743.2,509255.75,72174.6,94909280.25,27436150,30803253.25,39836503,33797.25
145637,University of Illinois Urbana-Champaign,0,0,22021671.4,2264393.4,116325851.6,12627489.4,23934587.4,1115700.6,1842475.8,5440966.2,3023857.4,2324876.8,4252091.6,528089.4,362064.6,17633084,9761575.8,0,1062889.8,215190.2,2317948,5169465.4,377048,7993184.333333333,50386.4,228095873,250656869.5,166970766.75,621290937.5,24500
147703,Northern Illinois University,0,0,4537972.4,401490.2,23185885.6,6974104.4,2878291.6,6695,244464.2,1999446,833456.4,640737.4,572954.6,102397,53347.4,595514.4,655516.4,477165.8,487995.2,190944,154525.4,958806,371780.6,605567,48281.2,46370195.75,55781935.25,0,21194258.5,20843.5
150136,Ball State University,0,0,6045912.2,638140,27091877.2,7949020.4,4216310.4,33831.8,315822.6,1737510,1038362,690664,190463.4,90851.6,53654.6,0,88730.2,1522925.6,373611.6,253175.4,214946.8,1523318.4,90626.2,164464.75,24000,53561222,82357195.75,9413669.5,12422195.75,20092.5
151351,Indiana University-Bloomington,0,0,22042615,3891469,117272896.8,16914483.2,21646398.6,1888082,1734618.4,5962311,2909466,4099062.2,1920946.6,0,262937.8,12508907.4,10361085,2639546.6,1900159.2,125239.6,1626167,3990903.8,669772.8,13731583.5,178725.6,232125308.75,195441213.5,82927687.5,128885713.25,23382
153603,Iowa State University,0,0,17129764,1261125.6,94901441.6,9527120.2,14178335.6,1932351.8,1470669.2,5061063.2,3384678.2,2609204.4,2202370.6,0,521386.8,8899770.2,13693337.2,0,1098441.6,1913213.6,2660006.4,5117715.4,1764467,70206.5,476420.6,181695073,147043382.5,55179072.25,190312376.5,16902
153658,University of Iowa,522800,0,26231321.6,3450121.6,138692438.4,13147222.4,19998712.6,518902.6,1491191.8,7705731.8,2689619.2,4124291.6,4365517.2,246513.6,431909.8,26472139,10069718.6,0,1788742.8,206951.6,3991686,8438430.4,1818723.6,4335729.666666667,982190.6,274325905,111819500,100957000,427063000,30851.75
155317,University of Kansas,0,0,19196224.2,1332144,103703940.8,12776416.6,23550771.8,3057417.4,1689274.4,6678922,4837803.8,3601531.4,3316434.8,0,79524.8,6205332.8,9978721.2,0,909330.2,328957,2409351,3755783.4,0,6052355.5,0,208633144.25,31603503.5,61858026.75,326275229.25,18642.5
155399,Kansas State University,0,0,15977013.8,1946095.2,82089743,8598023.2,16010804,988306,1433695.8,5360394.4,1852943,2992793.6,2226347.4,0,152611.2,8432680.4,4890690,0,1154858.8,3939624.4,1717842.4,3200047.2,916515.6,10343859.5,298456.6,169807514.5,46895536.75,0,206889143.25,35582.5
157085,University of Kentucky,0,0,30457075.2,3257188.4,137780028.6,15586107,22764853,666971.6,2301997.8,8876515.8,3729747,6669654.6,2133536.8,1095730,1007378.2,8800826.2,19516376,0,958974.8,78919.4,1312228.2,6042708.6,1910081.2,4479468.8,613158.8,271874355.75,174693571.25,58277580,335391014.5,7794
157289,University of Louisville,0,0,25105876.6,1771226.2,134401226.2,14684648.4,20361427.2,6289721.4,1637923.6,5832578.6,4616489.2,6231365.8,1534847.4,0,507549,9016330.8,6397135,2992054.6,1908041.8,159545.2,2265905,21766972.6,922683.4,3243709,398904.4,266884624.25,97325250,35917000,158689500,21066.75
157951,Western Kentucky University,37438.4,22333,5725283.8,632188,31380979.2,6325452.4,4355191.4,179243.2,438943.8,2156386.8,721703.4,1429640,880889,351224.6,134089.4,3431058.8,443088.8,988014.2,672489.6,305811.6,456566.8,1237434.2,423008,-0.2,33500,60881092.75,69553069.75,0,7878554.5,30505.75
159391,Louisiana State University and Agricultural & Mechanical College,0,0,32419961.2,3275887,153261253.4,15428659.8,25789196.2,1785237.8,2333861.2,6560393.4,4092048.6,8717165,902574.2,0,857654,13471621.6,10177713.4,0,2017901.4,117035.6,3059571.6,19748415.4,1681845.4,7040655.25,824510.6,292173843.5,98957893,96377096.75,236016468.75,16151.75
159647,Louisiana Tech University,0,0,5421936.6,572642,24771940.2,5858815.8,2560023.6,229295.8,339877.2,1817148.8,1721992.4,700686.8,179434,0,1492,604776.8,542104,1816139,605317.2,365433.8,364045.2,764198.8,224156,58566.666666666664,96392,47290029.75,36779018.75,17121064,23585048.25,17166
159993,University of Louisiana at Monroe,0,0,4263559.6,377496.6,18426856.75,4837730.6,2173936.2,35000,189368.6,1459923.4,841117.6,889258,226420.8,0,0,932069,359167.2,0,625529.4,199876.4,248716.8,261584.6,0,-396056,0,30465074.25,16409918.25,1119013.25,7377832.25,30977.5
160658,University of Louisiana at Lafayette,0,0,7713211.6,415030.4,35643037.2,7454123,5762796.8,336595.8,453925.8,2289454.2,1492049.2,1905370.6,570558.6,0,135607,2136378.2,1385515.2,83492.2,891442.6,110107.4,929462.6,1250828,278203,82086,48885,69945987.5,33132410,4915032.75,64761546.25,27029.5
163286,University of Maryland-College Park,0,0,20459876.8,1371581.6,99010857.8,17414444.8,17539717.6,2908691.6,1389833.8,6107133,2273322,2402617.2,1358353.4,0,234387.8,2453698,12878875.6,0,1637783.4,133279.4,2577990,5520966.8,261423.4,180055.33333333334,86881.6,190469455,114844070.5,27520364,487622271,52884.25
166629,University of Massachusetts-Amherst,0,0,7338557.6,1120669.8,47779213,12326749.6,5958600.4,299168.6,805925,3233043.6,1204884.6,1509111.2,384874.4,4486.8,23622.6,5264942,1407692,3819974,432178.6,77632.4,403774.4,2163325.4,0,894852.2,0,93943152.25,157738663.25,20803644.25,149754184,18429.5
169248,Central Michigan University,23352,16141.6,6799216.2,587038.8,32409617,6083520.2,5071903,412537.4,546879.6,1994467.8,1159972.8,788978,242299,37385.2,99465,2490568.4,2941326.8,153018,654257.4,265896.6,417151.8,1192390,645338,11248165.75,44726.6,73950517.5,58707994.5,9065295.75,19194937.75,37272.75
169798,Eastern Michigan University,0,0,5994392,325000,29716472.4,9070479.4,3848817,0,557369.2,1685291,1351251.2,591510,770018.4,122479.8,88666.2,1066931.6,1431700.6,558906,653283,412897.2,226397,650188.6,286478.6,1,24415.6,57770891.5,56134519.25,7975243.5,6481863,19695.5
170976,University of Michigan-Ann Arbor,0,0,33764605.4,3159732,179525896.2,27773732.6,36688849,277333.8,2767838,10394205,5310257.6,3732431.4,2618568.2,2553,720391.6,17395690.6,19553892,166137.4,1528524,212310.8,4259216.4,6593462.4,2003123.8,11969466,603041.2,359731291,408486500,180937250,937989000,19329.5
171100,Michigan State University,535000,0,27143761.6,3541815,136585303.6,16660981.4,21109746.4,200524.4,1471911,6792097.4,4098313.6,4537233.8,2712463.8,831811.4,297812.6,22625336.4,10375331,1180560.8,1764445.8,146313.6,1652388.6,5983410,2416269.4,9643025.333333334,507775.6,266383201,163441094.75,71213162.5,457831278.75,10117.5
172699,Western Michigan University,0,0,6692740.2,610182.6,34687169,7978231.2,4756524.2,11410.8,380275,1853466.4,1006664.4,1317590.6,584625.2,294797.4,125556.6,3111186.2,2081511,1388532.2,1050940.6,299056.4,626929.6,103827.2,357754.6,1518513.5,55366.6,69081044,60982803,31141630.5,19057802.25,42429.25
174066,University of Minnesota-Twin Cities,0,0,23346938,2244817.4,120693073.6,14106473.4,20014556.2,383177.4,1888096.6,6953946.8,3682468,3656900.2,1590018.2,0,907940.2,10514035.6,15616413.4,5291381,2372254.4,176210.4,3102243.4,3454223,999219,5225547.666666667,391761,239280911,256968805,190617472.5,882353843.5,27535
176017,University of Mississippi,0,0,23030234.4,2962177.8,118278828.2,11154091.4,18742614.4,4414243,1507535.6,5571542.8,4782765.8,5945785.8,2908836.2,518764.2,733907.4,15578030.2,12866087.2,0,1846010,48628,1246833.8,3669963,583348.6,5865747,167428.6,229231449,119149902,16707942.25,134484574.25,24471.25
176080,Mississippi State University,1200,0,19653164.8,1881183,98054859.2,10357251.8,13943948,1582644.8,1085727.4,5510143.2,4378630.6,4922994.4,2952374.8,363071.8,255873.6,12195941,8904454.2,0,1613748,96595.8,926134.2,5618364.2,1508459,11875168.4,302954.6,205857361.25,107847624,52715724,177786345.5,20567.5
176372,University of Southern Mississippi,0,0,5271915.8,429316.8,26604198.4,5774802.8,3853309,0,520685.4,2441402.8,741496.2,1537444.4,287878.8,138623.8,0,1807631.2,1736283.2,96000,621052.6,331706,100658.4,693047.2,176130.2,-352499.6,44813.8,51892730.25,44256287.5,1385124.5,55967018.75,13378.25
178396,University of Missouri-Columbia,0,0,20879589.6,2616369.4,115235182.2,12304326.2,21802867.8,702893,1466797,6898904.2,2790857,3408262.4,1066731.8,400261,472096.2,14978935,14733196.2,225484.8,1246533,114529.8,804004.4,7187114.4,927670.8,6864479.5,207760.2,224825658.75,131585075.5,43199335.25,169157201.25,20227.5
181464,University of Nebraska-Lincoln,0,0,21725363,2686830.8,123125369.8,12646364.6,27090699.6,4676366.4,1933021.4,6967429,4707204.6,4615899.4,1128307.6,0,436399.4,910171.8,20933615.4,0,2225693.8,191287,3729716.6,6520999.4,0,10992536.25,0,250154487,109069068.25,67458495.5,237302040.25,20004.5
182281,University of Nevada-Las Vegas,7000,0,8711522.4,798160.2,54538971.2,9267616.6,6796475,475231.6,1018190.2,2693854.2,3911488.2,1746330.4,1204843.2,0,349834.8,4935843,4656523.6,3131590,975280,531161,556560.6,2771466.2,0,623158.4,0,105404510.25,82607750,24469250,46679250,26342.5
182290,University of Nevada-Reno,0,0,6963315,835084.2,40913609.4,8800330,5876960.8,69166.6,715102.8,3169713,1743355.8,1062990.2,1036708.6,47703.2,169766.6,1739066.2,3067454.6,2814618,547913.6,495342.2,694537.4,658280,378244.6,-929054,27956,78061133.5,58042906.75,25365060.5,95953634.5,11595
186380,Rutgers University-New Brunswick,562587.2,127103.6,22553837,1992558.8,115344672.4,16751979.4,20866903.8,1955474.4,1746426.2,7395939.4,4850330.6,4246802.8,1599181.6,0,473273.2,10876844,10926956.2,0,1972256.4,124960.4,3525799.2,2462676.8,296310.2,-844582,36471.2,218719851.5,187888250,64379250,578425000,24856.75
187985,University of New Mexico-Main Campus,0,0,7826642.8,670917.8,40265339.2,8286494.2,6483069.8,499821,580655,3091585.2,698137.6,1297845.8,165927.4,0,196291.8,1335867.4,1152445.6,832831,534284.2,540255.6,581363.6,5468098.2,22805.2,431750,0,78658392.25,76641165,34055282.5,229976201.25,22130.25
188030,New Mexico State University-Main Campus,0,0,5410348.4,707405.8,28079759.4,8026536.6,3478663.2,106613.6,355251,2618664,621555.6,1137272.4,371252.4,8985.6,110573.4,244000.2,1508244.4,900801,697494.4,202928.8,467646.2,1044860.2,56662.2,213588,4000,54131015.5,40378983.25,7988010,106320985,19323
196088,University at Buffalo,85477.8,13005.6,7484415.4,457361.2,39859452.8,8399703,8688178.4,241171.2,508423.6,2616776.8,787678,768758.4,515771.6,156789.4,8816.8,707398.8,1373110.4,2380019.2,636778.4,268629.8,0,3471862.6,210352.2,549060.2,78974.2,80402502.25,91379667.5,21932536.25,154763533.75,29227.25
197869,Appalachian State University,0,0,6021250.4,416614,36323502,6722990.6,5044085.8,38547.4,411148,2192506.8,1843267.2,1020880.6,118253.2,1819.6,56438,4183753,1679981.2,3571255.8,381638.2,120957,548635.4,1215373,570546.6,154975.5,163560.2,71603392.25,31269912.25,18672162.5,5065250,27873.5
198464,East Carolina University,0,0,9598578.2,1187412.6,50780216,8609542.6,8913790.4,252895.4,769760.4,3249018.4,1900060.6,1432225.6,101231.2,785,99043,6022829.8,3133432.6,1432939.2,535968.8,199730.6,938239.8,2246993.4,130677.6,1541269.6,25060.8,101602841.5,48620470,18318496.75,39444678.5,27613.75
199120,University of North Carolina at Chapel Hill,0,0,22201684.8,1050586.4,109698737.6,16508473.6,18764566.8,1787282.4,1709029.4,7304080.4,4271697,3566560.6,458118.6,0,398962,1768540.8,10834973,1684367.8,3225882.2,2940160.2,1626407,7833438,719459.4,2214723,1044467.2,214624572,137980389.5,189531885.25,658470876,26591.25
199139,University of North Carolina at Charlotte,0,0,6657427.8,447640.2,38146705,7657731.2,5195494.2,199446.4,593994.2,2692594,1440140.2,1341472.6,686201,0,154980.2,2399373.2,2591038,3119184.4,889936.8,390996.2,400252.2,1209204.2,59943,1939716.75,19655,77145725.75,56920764.75,13936649.75,33523833,28126.25
199193,North Carolina State University at Raleigh,74120,0,20084975,2121227,88957048.8,13125719.6,17823099,656270.4,1550832.2,6185392.6,3128431,3372821.2,893610,29474.8,511716.4,1960694.8,6212024.2,0,1958453,3043009.4,912431.6,4066400.8,941665.4,1312477.75,304680.4,172860355,105566755.75,84087147.75,347303115,42384.75
200800,University of Akron Main Campus,0,0,6134674,506070,32334442.4,6289662.2,4302475.6,240968.6,465851,1822391.8,1378467.4,747263.8,559459.6,103221.8,55525,4961652.2,1647189.8,0,657423.6,350435.2,341023.2,1673563,62410.4,348994.25,34714.2,65987942.75,40320773,21651442.75,24406237.25,10414.5
201441,Bowling Green State University-Main Campus,0,0,5906482,541332.8,24065885.8,6785635.6,3833068.2,86262,455893.2,2049103,1191263.4,517890.8,169712.2,33608.8,0,150465.8,0,0,337408.8,295155.6,278031.6,1434572,0,249720,0,47744930.5,63420529.5,0,10545926.25,38762.75
201885,University of Cincinnati-Main Campus,0,0,13043654.4,1101807.4,68816919.6,9983102.4,8211739.4,223594.4,797099.2,4191969,652003.6,1953054,3257970.2,0,230744.2,12523658.2,1381393,2147285.6,589990.6,106136.8,744485.8,5975917.4,1339360.8,3535035.25,361953.2,135765761.75,105306759.75,60759006.75,202392742.25,23641.25
203517,Kent State University at Kent,0,0,6366419.6,389170,27997720.4,6691676.2,5023690.6,0,487582,2735771,1621209.2,593902.2,756411,328319,106344.2,191481.6,566808,0,328028.8,275665,86344.6,1293968.6,154928.8,-1203491,0,54886493.25,75958408.75,5978115.5,21044386.5,10017.5
204024,Miami University-Oxford,0,0,7228252.4,367079.4,36301883.6,11841732.2,5452080.6,153987,657381.8,1971102.8,1136484.6,910329.4,421702,692876,53670.2,2247341.8,518329.2,48285.4,513007.4,260481.8,504853.6,1149299.4,123783.8,630732.4,49822.8,72553935.75,105996020.75,32156317.5,15649003.75,23028.25
204796,Ohio State University-Main Campus,0,0,38623058.6,6959556,207175595,22017950.2,37027170.4,1350930.4,2331941.2,9976365.8,5235287.6,5426389.2,766081.2,917783,447529.6,24100663.4,27126575.4,0,2151663.2,360078.6,5247383.8,10157503.4,5040133.6,15430349.666666666,1911550.4,410174559,211126470.25,150783127,517376408.5,22029.5
204857,Ohio University-Main Campus,0,0,5849319.8,751721,31876675,8666178.8,3538885.2,0,434763.2,1873766,619554.6,463661.8,879356.4,166002.8,0,2369288.6,1902852,2596090.5,625694.4,295310.2,164337.8,394361.4,249234.6,-1236555,31787.4,62764220.25,66254760.75,0,49126423.5,29076.25
206084,University of Toledo,0,0,6952445.4,598052.8,33729015.8,8915106,4258805.8,0,452389.4,1503935.4,1662416,1602810.2,551706,140542.4,69649,1410948,667220.4,2006233.6,445027,184861.6,377514,1599457.2,302568.4,0,27327.2,66521145,80375506.25,5246672.25,44385408,31183
207388,Oklahoma State University-Main Campus,0,0,20357167.6,1240983,91549349.8,7822848.8,18097199.8,156298.2,1286338.4,5893391.8,5125748,3041826.4,2382250.6,288699.8,335754.4,3535778,10730058.4,0,1165419.8,341410.6,1432832,6205992.6,1664627.2,702227.25,444724.4,177645213.25,113379238.75,35386949.25,144206148.75,28064.5
207500,University of Oklahoma-Norman Campus,0,0,30283360.2,1840876.8,157463627.4,16118134,21446562.2,457801.2,2536572.8,7553066.6,6763294.2,10502456.4,4234561.4,0,400477.8,14349863.6,26798870.8,0,2694982.6,140018.6,2136331.2,6234952.2,2466929.6,6247993.6,504515.2,313139642,110711500,81376500,148001500,20578.75
209542,Oregon State University,0,0,16762899,1336877,80862924,10244921.8,13161253.8,485628.4,1424738.6,4295065.2,4260551.2,3252115.8,1722302.4,565973.2,111236.6,8289601.4,4496296.6,0,1510358.6,2753023.8,1513247,4262691,394142.6,-7888330,20000,156320414,83271932.25,54289191.5,217653853,26638.75
209551,University of Oregon,154470,32680,24778937.2,2234704.4,122289562.4,13893288.4,21371290.8,596776.2,1763840,5643315.4,3844146.2,3549319,955673.4,206243.6,374384.2,18771303.4,14049659.8,0,1680709.8,79041,1815111,4321856.6,1685812,75709884.75,487000,307914827.75,84977967.75,96323805.75,91804874.5,47733.5
214777,Pennsylvania State University-Main Campus,0,0,31591789.6,2509849.4,154811073.6,21289611.2,28188914.6,500251.4,2442975.8,7372562.8,3646532.6,8749030.2,1500692.8,0,334514,16556021.2,11622893,0,1915072.6,94676.2,1860304,11985295.4,2211951,8050628.75,438135.8,307135938.25,NA,NA,NA,19882.5
217882,Clemson University,0,0,24533940.6,1988586.6,128675430.6,17984926.6,25382029.4,150073.8,2610770.2,6136300.6,3613123.8,4778963.4,5539271.6,679984.4,390294.6,9652627.4,6394075,0,979848.2,65253,2624412.6,10190166,3340179.2,6053763.25,1640603.6,252332230.25,110203911.75,93940342.25,212030538.25,39171.25
218663,University of South Carolina-Columbia,6642000,499812.8,17814900.6,2117600.8,136139938.6,17003060,26824858.4,4025018.2,1622235.4,6645433.6,3766361.4,7279354.2,1856548.2,125837.4,368012,13944318.2,15884809.4,0,2056139.2,138927,1157322,5398092,752697.2,4609732.333333333,216600.6,271399457.25,261050711.25,39874099,155883179,22771
218724,Coastal Carolina University,0,0,7576268.8,538136.8,39596224.2,9019404.6,4723220.4,70075.4,630150.8,2503615,992225.6,1369213,94036.8,0,231620,3159478.2,2236091.8,4980829.2,167833,128718.6,293860.4,475538.8,233907,131764.2,172000,76433376.25,44260673.5,3719097.75,1609399,18978.25
220862,University of Memphis,0,0,12580792.4,990152.2,56305510,9207328.4,6779187.6,2028080.2,710399.2,4061621.4,2300847.8,2262732.4,785842.4,0,163882.6,1957477.6,2013684.4,2825841.6,1117927,29943,1044330.2,3734613,1127329.8,403819,372485,109816364.75,72418270.25,24751766.75,65981818.5,37121.5
220978,Middle Tennessee State University,0,0,6370361.2,344517.8,34566892.4,8971363.4,4300724.4,7807.2,472536.8,3018603.6,909054.6,729421.2,858012.8,0,4102.4,1274841,948550.4,1992461,829802.6,47032.8,250803.2,3004066.6,185125.6,0,47703.8,68609975,66216894.5,4384517.75,9327168.25,39957.75
221759,The University of Tennessee-Knoxville,0,0,25242050.6,3075610.2,144620618.4,15874960.8,27756430,4006846.2,2962990.8,7371439.4,4038037.6,5506815,5520466.8,391064.4,516114.4,14393171.6,13104499,0,2291081.2,63435,3359312,8339566.4,544088.6,-1646018,262638.4,281762714,156089740,11861899.5,289468380.75,12884.25
225511,University of Houston,0,0,15258112.2,1109011.6,67631572,8407078,10963278.8,0,611542,3603149.8,1710709.6,2038693.2,698602.4,50439.2,0,6169188,9989417.2,887353,1793538.8,30305.8,2070246,1716535.2,415878.2,1175416.75,108493,132280724.25,139605393,83016835.5,199785275.5,28658.75
227216,University of North Texas,0,0,7739656.2,689061,41327676.4,6306653,6982537.6,209089.2,389577.2,2535529,1274075.4,1802275.6,720324.8,86282.4,81581,6089468.8,3914155.2,326123,734238.4,380904.8,354973.8,190801.2,354642,672495.6,165726.8,81984844.5,115127220.5,15700514.75,71259376,27087
228459,Texas State University,0,0,5426128.8,355054.2,35779578.8,6007174.2,4789010.6,260636.8,457021.2,2524267.4,807242.2,1119637.8,760972.2,0,131390.4,5037183.4,5463635.2,425376,470402,112927.8,690751.8,940766.8,0,1331725.5,0,71853947.5,112252210.75,9558245,68985392.5,22708.75
228723,Texas A & M University-College Station,0,0,33043770.8,3392484.2,162685530.8,11977282.4,23759713.6,2646013.4,2959389,9263091.4,3333094.8,4487160.2,310786.6,2702087.4,105604,23351247.4,16045967.2,0,1132441.2,217231.2,3171048.4,19220612.2,1300359.2,26693168.2,266146.2,347377407.5,179806700.75,144516655.75,873708672.25,28731.75
228778,The University of Texas at Austin,0,0,35137495.4,2709099.8,194024607.2,12752424.4,36952734.8,5306783.6,2704296.2,9019282.6,3175449.4,10556888.8,7513142.8,1403096.4,840923.2,21592929.8,30310073.2,0,2620314.6,434500.4,3097608.2,6953661.6,690385.4,18438863.25,253516.6,387389466.5,184091915.5,215000498,645822379.25,18235
228796,The University of Texas at El Paso,94559.4,35588,6030712.2,647483.8,32053345.4,7503537.4,4438780.8,295534.8,481196.4,2732594.6,837085.6,1172084.6,828400.8,46981.4,176527.6,1416925.2,1235484.8,1637387.6,897510,360394,568987.8,494684.2,81967.4,759210.75,38937,63707310.25,54911444.75,6611148.75,97922110.5,17274.5
229027,The University of Texas at San Antonio,0,71268.4,6681685.2,482176.8,32443489.4,6299988.6,4996946.8,496902.4,517029.4,2801237.8,1034516,1552674,563557,87005.8,88226.8,807902.8,2212092.4,650147.4,890536.6,364322.8,375241.4,1265881.8,141997.6,914983.25,62151.6,62445525.75,100925081,24622608,99744924,16762.75
229115,Texas Tech University,0,0,19396663.8,1958652.8,92212235.8,7458376,19514266.8,1787594.8,2036480.6,7253185.2,2068980.4,4152731.6,2116221.6,0,109847.4,9399324.8,7475339.2,0,1833379.2,129591.6,1060530,3813527.6,500485.4,2851320.4,147057,180361455.5,99227433,39813857.75,197741103.25,26507
230728,Utah State University,600463.8,0,8307944.4,590921.2,39788605.6,6550744,4788965.6,319154.8,501540.4,2905394.4,1347219,860186,476414.2,0,13836.6,4877891.4,789066.4,2129169,670470,520426.8,643818.4,2161703.8,559030.6,381193.5,174244.8,78357201.75,89319521.75,23670277,227773484,20565.5
230764,University of Utah,160000,0,20444492,1222354.4,94540494.4,12074745.6,16338640.4,1657934.6,1533754.2,5643426.8,4083194.8,2372607.2,1762075.8,227523,388735.4,7966575,1348370.6,1923211.6,1348571,156917.8,1158419.8,10539353,1402857.4,3301042.5,786734,182752353.5,98754500,134044250,383304500,30877.25
232982,Old Dominion University,0,0,7801523.4,516702.6,46825299.2,9763206.2,6526271.4,125218.2,614680.2,3105834.4,2082210,1385743.4,659830.2,877.8,75093.8,5942010.2,4651012,0,414335.6,406046,58851.2,2609850,63214.8,959857,22787.8,91689461.75,39709003.75,15618797.75,15534401.5,26420.5
233921,Virginia Polytechnic Institute and State University,5000,0,19755557.6,1443703.2,97581794.8,14989629.8,16303124.2,2464079.2,1430211.2,4199263,2387765.4,4120839.2,1245383.8,5236.8,376175.4,5800527.4,12274638.2,1368659.8,1450581.6,76695.6,2085882.8,4295057.6,1250416.2,3529881.5,253366.8,188844350.5,122705048.75,69770823.5,386407932,24579
234076,University of Virginia-Main Campus,0,0,25315024.2,1540370,116617012.2,20899058.6,19004454.6,637278.2,1504690.6,6565375.6,2129430,4333872.2,390376.6,97944.4,111940.2,11711509.2,10809227.4,187114.8,1837933.2,2062571.8,1413728.4,5183304.2,670543.8,5053434.333333333,211264.2,217207505.25,141638938.5,191386433.25,493675112.5,37902.5
236939,Washington State University,0,0,13213185.6,1527623.4,75199990,11183141.8,14174743.8,1478972,1093133.4,3976286.6,1885912.4,1945637.2,1569492.6,192569.6,152110.8,9684154.8,2116686.4,330120.4,836009.4,2341497,1078745.4,4852080.2,1258460.4,-3660243,309426.8,143989649.5,150024501.75,40848325.5,231830446.75,42167
236948,University of Washington-Seattle Campus,0,0,22832415.6,1870933.6,124407331.4,14856335.8,22026629.4,3958106,1558876,6605995.8,5854889.6,7494238.8,2897795,86723.8,653357.6,11425966.6,6974603.2,0,1562725.6,144737.6,2371721.6,9842218.2,1153186.6,5286269.333333333,235875,240253569,185984944.75,191678546.75,895316410,26781.5
237525,Marshall University,0,0,5859925.2,769508,33445092,7558921.4,4836856.6,175652.6,612748.6,3369999.4,1131150.8,1054166.2,760997,100812.2,141632,984960.4,1218141.6,1030906.8,1211317.4,382097.8,39554.2,1468638.2,578269.8,-590111.5,158835.8,63642181.25,41723096.75,1327065.5,17615458.25,42574.75
238032,West Virginia University,0,0,17957881.2,1243412.2,88429556.6,10853188.4,15612584.8,167859,1393817.2,6414188.4,2239482.4,4015041,707507.6,797935.4,137320,8972850,9928461.8,0,1145740.4,92304.6,2944865,2738594,889023.2,7900274.75,177500,178408912,85226433.75,80330308.5,138758797,11167.25
240444,University of Wisconsin-Madison,0,0,22539806.6,2578448.8,145702247,17626435.8,31522835.4,262496.2,1159099.2,8108484.4,2976674.8,3166093.8,3044107.4,856052.4,164709.8,10719368.6,24470673,2784982.6,2997257.8,105691.4,2315101.6,5901496.4,1911029.8,2500236.6666666665,491401.2,291653755,140091949.5,341455962.75,1084820667.75,9824.5
240727,University of Wyoming,143840,35476,8856093.8,1000813.6,44696220,7254673.6,9021540.6,44793.6,729335.8,2992591,1086658,1135219,5144761.4,0,82087.6,328630.6,1399984.4,524776.8,1096017,517428,1175113.4,1538959.8,452879.2,2461724.3333333335,134546.8,89236122.5,40864475.75,29469554,97853345.25,43710.25
243780,Purdue University-Main Campus,158824.8,60730.2,19548330.2,1107035.6,94304803.8,11625801.8,18615991,878884.2,1421359,5068887.4,1969909.2,2965783.2,1980867.4,0,224210.2,10334245.2,8312375.2,0,1236883.6,133995,2684073.2,4821071.8,881170.2,10514721.25,274375.4,194235420.25,92487747.25,95435151.5,328214733.5,24560
